<!DOCTYPE QGLVIEWER>
<QGLViewer version="2.6.0">
  <State stereo="false">
    <foregroundColor green="180" blue="180" red="180"/>
    <backgroundColor green="51" blue="51" red="51"/>
  </State>
  <Display axisIsDrawn="false" FPSIsDisplayed="false" cameraIsEdited="false" gridIsDrawn="false"/>
  <Geometry fullScreen="false" width="830" height="791" posX="598" posY="56"/>
  <Camera>
    <Parameters zClippingCoefficient="1.73205" Type="PERSPECTIVE" fieldOfView="0.785398" zNearCoefficient="0.005" orthoCoef="1.19805" sceneRadius="0.270567">
      <SceneCenter x="1.31003" y="0.92866" z="7.36662"/>
    </Parameters>
    <Stereo IODist="0.062" focusDistance="0.653206" physScreenWidth="0.5"/>
    <ManipulatedCameraFrame>
      <position x="1.18287" y="1.07313" z="7.41385"/>
      <orientation q0="0.083219" q1="0.473582" q2="-0.876798" q3="0.00436765"/>
      <ManipulatedParameters spinSens="0.3" wheelSens="1" transSens="1" zoomSens="1" rotSens="1"/>
      <ManipulatedCameraParameters zoomsOnPivotPoint="false" flySpeed="0.00270567" rotatesAroundUpVector="false">
        <sceneUpVector x="0" y="1" z="0"/>
      </ManipulatedCameraParameters>
    </ManipulatedCameraFrame>
  </Camera>
</QGLViewer>
